Track ID,Album,Artist,Genre,Title,0,1,2,3,4,5,6,7,8,9,10,11,12,13,14
140,the blind spot,alec k redfearn  the eyesores,folk,queen of the wires,-2.057603816286318,-1.8063569412647136,0.0046146746173015,0.7958226940062563,0.0570191998231973,1.7416433501356314,0.7205943670529449,0.1774455976965808,-1.1452402515044835,1.3831536069419008,-1.014479049246805,-0.4940892744180538,-0.5770334481224625,0.1263184304889581,0.0699319750033621
282,ii,black pus,experimental,new atlantis a,0.6499616836109063,-3.496860077499675,3.713545447861017,0.8138692134733615,-0.1792477430170921,0.1657196473426171,2.504467969957005,-0.0222992228769195,0.3822919084490453,0.5859601340237232,-0.7627871069587023,-0.684425798714622,-0.1002119272573279,-0.1830719497830197,-0.0118516128513813
511,lingua ignota,celesteville,rock,sharper amp clearer,1.2276827717951988,1.6153652187823495,0.0711098644864378,2.599416669545999,0.3578795533310099,-0.2667626925885278,0.1181506348995825,0.6487822366853089,-0.3516675898278716,0.6553194280986094,-1.2480786165661246,-0.1562567374891043,0.1606120304270131,0.2729049185587648,-0.0054274657889724
526,sing like birds,celesteville,rock,do not talk,-2.166363836786105,-0.2230546710478571,0.417915465832456,-0.0226314873734835,-0.249497279739726,0.661106061522492,-0.1102809639583611,1.1360711051514478,0.6298688461629823,0.0471849948224922,0.0250931684747113,-0.0937741527320108,-0.0603382664733558,0.020753174065167,0.0159586664769664
527,sing like birds,celesteville,rock,for jake erdmann et al,0.0167816243750205,2.7244149536447173,1.6086633467878853,1.4177478209618355,0.1202082795187244,-0.4221051316483243,0.268961586410649,-0.3439055367108094,-1.105859934410006,0.5710632540299954,0.1577629917810955,0.4958152243006803,0.3075533251551184,0.1930310251348345,-0.008790900978041
528,sing like birds,celesteville,rock,an odd number of stairs,-1.051063048038012,2.280944964750172,1.708347705307257,1.7598417047819783,-0.6550611844941704,0.2258908625915172,0.6272792925094458,-0.1568418456541291,-0.5696672921654833,0.522345756794138,0.1800631920819047,0.3208196228277928,-0.014653882082587,-0.0355808967915897,0.0735679191246067
529,sing like birds,celesteville,rock,for the dishroom at meridian park hospital,-0.4564457898402903,2.8688166289841543,1.657382791800665,1.4945805760033906,0.1370995635355325,-0.1055907468949934,0.1951990727410917,-0.858523782071506,-0.1911070572819279,0.0595021974755578,0.0902290643004018,0.1417672382840756,-0.331867398541989,0.2325176785332743,-0.0414112725984361
530,sing like birds,celesteville,rock,white satin bed,-0.8891332899172877,1.8375437020041872,2.0031342178389075,-0.4572610676557745,-1.6564896374896705,-0.8694901037252031,1.0051366402829165,-1.5358377786857251,-0.6004823059281582,0.6963294231077675,-0.5185390624270158,0.174216337099661,0.1264887205166781,-0.0881145688746075,-0.0703750563753631
533,the thrush,chandeliers,electronic,mango tree,1.879654166967788,-0.1080913566159715,-1.0540294857107473,1.090333726519504,-0.1687893671377626,-0.1549634419307821,-1.067573643238125,0.6612557303915777,0.5181127247221554,0.3048338366877326,0.4909435832453414,0.4250725594270525,0.232350955599551,0.0564553005434338,-0.0561386622520809
534,one mind,charles manson,folk,i can see you,-3.6356340918413,1.4948566531601928,-1.077041463938293,0.7552467375609978,1.8374681827775483,0.2207681075400311,0.2142416411141185,0.7517198131864986,-0.2252636873915639,-0.6005110303275816,-0.5750396350098088,-0.2305263131319675,-0.0832497860991421,-0.2016938105463251,-0.0239534449564712
535,one mind,charles manson,folk,angels fear to tread,-3.4891313981116427,1.4363166861552974,-0.7125108244386046,0.5914626923812052,1.388316431086064,-0.6633063159390422,0.7407264805119999,-0.145280486850341,-0.1679916076513313,0.0165305568733805,0.275823083656125,-0.3571437256632961,0.369026825166899,-0.1511104899018969,-0.1133836977116208
536,one mind,charles manson,folk,riding on your fears,-3.216435499518254,1.4999816741243537,-0.3023154623226826,0.3655880020549574,1.9261183484897608,-1.3330928243778624,0.7738169243222986,-0.2091208595447684,-0.1936935280389066,0.4069210156643847,0.029131403681028,-0.7046881664132871,0.2117789217313538,-0.1548596929467258,0.0287048857491418
537,one mind,charles manson,folk,i dont need water sprinklers in the desert,-3.505687844946133,0.0543699469139891,-1.0918139583565782,0.4981911890979305,1.4590923506815214,0.451157785791785,1.0937666067679477,0.8424992786881979,0.625001690164,-1.0208575149724357,-0.6683601410956431,-0.0429088209485169,-0.1597833362838165,-0.1956685536207139,0.0537654033264985
538,one mind,charles manson,folk,your magic motion,-3.3161971203241865,0.7465140982951255,-0.4130918254521702,0.5070540389454935,1.896369819935243,-0.3790252580432502,0.6286914335988594,0.3291102347323272,-0.3608397181711175,0.0210014168566775,-0.4910032825531866,-0.4003098485157151,0.2340182899369753,-0.18550842860151,0.0308212342540582
539,one mind,charles manson,folk,whoever you are,-3.658472602895528,-0.49329303393222,-1.4577789202229885,0.17396822412503,1.7124180921321568,0.593651131877128,0.6189939639973355,0.8811245576018804,0.1060648848791778,-0.8723822004318975,-1.0116250110019076,-0.1215495115214326,-0.0385704616907638,-0.0054701260675099,0.0328765002086841
540,one mind,charles manson,folk,the black pirate,-3.033667773339672,1.4229400897531754,-0.0014210778628562,0.902907880145706,1.327615362149019,-1.1049271430731438,1.1840563218275213,-0.4689412103154008,-0.4929020296177528,0.5551968559644297,0.7581184626100431,-0.4570927052341101,-0.0188804132934824,-0.1021133474446793,0.0520374311521068
541,one mind,charles manson,folk,so we go again,-3.391684536461621,1.76493553108949,-1.2282499539866545,0.497476498341573,2.5197785056175173,-0.5603602868657452,-0.1127619496950478,-1.0252936651956297,0.2220837264067652,0.8670981410132461,0.6443632537772243,-0.1173329991785532,0.6129179014289636,-0.0798554004863461,-0.2032391214783765
542,one mind,charles manson,folk,self is eternal what our world will be,-3.018941079694391,0.0672168015080962,-0.6306691902352191,-0.1375918440249458,2.3457543248702226,0.0511766282516073,0.7830778931842618,-0.2388856270767706,0.3532253660468124,-0.6627095583657718,-0.21550378717886,-0.0033261171412785,-0.2217236268834945,0.1185072407807049,0.1520995568407571
543,one mind,charles manson,folk,sometimes it works just right,-3.2611080061190734,0.8970085066415436,-0.4878897038444801,0.6331620508733775,2.46867889446643,-0.182613955729239,1.092772743988758,-0.3183646960726936,0.2480694008731744,-0.4390892654848712,-0.1207689847657251,-0.2228704047244994,-0.1635148624477204,-0.0228692341700637,0.0896233255228338
544,one mind,charles manson,folk,sweet words,-3.409665967641528,-0.7808441462359847,-1.66981542683829,-0.0340031815149047,2.5521314351130298,0.4158651224453027,-0.388217156778255,-0.2710141019024437,0.2575662305943814,0.5031248973551866,0.2410386878670581,0.4337212455440001,0.1756745345407265,0.0957406474491204,0.0552186456149989
547,one mind,charles manson,folk,i keep on wondering interrupted,-3.474791835315441,0.6630215270890342,-0.723462478792992,0.2045554285706241,1.7878127231169247,-1.0439836354739451,0.1224082854489613,-1.9420070843156811,0.4685314912674087,0.8476863100023198,1.4053830176284394,0.1694928646133801,0.4840553628745641,-0.1706508402442668,-0.0292274570251669
548,one mind,charles manson,folk,1967 mac brother,-3.1385581088416417,0.1288023971328697,-1.823642641869651,-0.0405412215614602,1.0319674391034157,0.4668725880705753,0.2703512347735813,-0.9852308912788572,0.4263475610038557,0.0314397689682775,0.6177961978926801,0.3812175283825552,-0.2700169990564208,0.2456893904633033,-0.0458990642759224
549,one mind,charles manson,folk,venice ca,-3.367105724777597,0.2932767882513413,-1.0924541774927383,0.2527062815371277,1.1591849045545657,-0.0233288940387152,0.4624290062412077,-1.3067255789656609,0.702220793413733,0.2002066488266674,0.9160199867834355,0.4478560791860216,0.0981198294300367,-0.1039500032497312,-0.0108193282933976
550,unreleased,chief boima,electronic,cello duet no 1,-1.5643882234234268,0.7566806408399738,-0.0623015969882378,-0.5228869931143011,-1.0279037644069102,1.5917833745232806,-0.2065882580121957,-0.7120734800577287,-0.3883825153205619,-0.0378623408430905,0.1670897612503225,0.0128456360768428,0.3435690893280921,0.1457242531620262,0.0755583769599682
564,cinwaves,cinwaves,rock,the sugar society,-1.2972339301508835,-0.6907884256405685,-1.179129721763753,0.3561864929097285,-0.4495298692814253,0.3458234580269371,-0.5722862228094792,0.1241335372167465,-0.2654359760818318,-0.049346200146692,0.0626344362325435,-0.2607925344667342,-0.0577108600762133,-0.0212251540923903,-0.0445672178050564
578,unreleased clyde rourke mp3s,clyde rourke,rock,tan man,2.077032809686301,-0.8167322134336535,0.4872718949143038,0.3461974787506005,0.6480058593414753,0.4865791363666397,0.7219131639112503,-0.746909034285209,0.3159051382628008,-0.3348852481979508,-0.0758838168449025,0.3860935277374938,-0.5859344255180217,0.0992132109180932,0.1417131755227576
588,insects awaken,death sentence panda,experimental,exit villager,1.7391131834215316,0.4776974731720151,0.7478418060575487,0.6002308112488073,-0.7046656892984006,-0.6593921581260508,0.3024090891301405,0.8333723523042726,0.353583387777522,0.3122010013570295,-0.4003207113083251,0.1299160675800787,-0.3919124805328238,-0.4099879225042253,0.0113310126045523
735,iko,glass candy,soulrnb,iko iko,1.9196166276335385,1.0798509113590335,-1.2653559422911784,-1.0184906201517068,-0.4947783297717542,0.423795019739432,1.2031992431801222,0.1518168266583123,-0.1617180941059484,-0.2196665385092547,0.6389362800607407,-0.1971282707181455,0.151571693204495,-0.0099750239030958,0.2104868235895165
736,demos june 2003,glass candy,soulrnb,you are the fly,-0.3838208582973271,-0.44797682195186,1.283263236208045,-0.3562781932633174,-0.7187259370062294,0.1883888652431141,-0.4889395835454606,-0.6208156076671727,-0.1891003524020913,-0.0843683549670183,-0.3832134875421211,-0.4726623240368407,-0.3130450076896138,0.215444582244352,-0.0970048597713972
738,demos june 2003,glass candy,soulrnb,cold party,0.8728616087695855,0.8082919505756705,0.4835221207552498,-1.4165029734928956,-0.7164049057102589,-0.2190148703965514,0.529314293557062,-1.1013827587606189,-0.7537563718019803,-0.0988667538472359,-0.1086036586222123,-0.4773387718193613,-0.3667380469134693,-0.4109532129745507,0.0442889393919253
739,love love love,glass candy,soulrnb,hurt,-1.3227874178895744,-0.1305581684248468,1.8261154376464064,-1.0390785800556075,0.4908238609530315,-1.8429550069992453,-0.0569057397248614,-0.3316689509289052,0.056803590978466,0.0623665898361789,-0.2817685401869119,-0.3490940944471719,0.3407564006258375,-0.2300011675436485,0.1409657285613992
740,the sick sound of,glass candy,soulrnb,life after sundown,1.2536871759823696,-0.322696401553313,-0.7441329118979759,0.277021936948195,-0.8829327332517093,-0.5595098610012138,-0.5192597941069099,-0.0748923690448545,0.8009300772105191,-0.2970560491568789,-0.1213461242099659,-0.9201349218513544,0.6727873179524076,0.1854229951791346,-0.1600283073159266
741,iko,glass candy,soulrnb,sugar amp whitebread,0.7967090116188121,0.1487250196930022,-0.793470273613918,0.0421772153302248,-1.1549551605967088,0.3031555731352981,0.7811145538015394,-0.234619914808244,0.48754603414782,-0.4958295240233627,0.6009454082521699,-0.6408341886010469,-0.5120237650747286,-0.117889749834202,0.0583712026936621
742,the sick sound of,glass candy,soulrnb,bgirls,0.7269711582529794,-0.491752743457912,-0.3188721161795452,-0.4756720159228659,-0.2480385902959111,0.2659099171181698,-0.1155764233859502,0.2324668109683834,1.1102557644468491,-1.176890993170158,-0.1334387336502059,-0.5909938672990798,0.3618761645365438,0.4197447445441665,0.0408925994621099
743,love love love,glass candy,soulrnb,brittle woman,3.169909864878004,-1.7524010965229797,-0.6473192048148522,-0.5339180924972393,0.5063339086434391,-1.0569248226325505,-0.4204758841739726,0.2957424922259157,0.3584755150515158,-0.0347899698422524,-0.544843558480313,-0.0039943861828311,0.1587314737045804,-0.1166960410986722,-0.0226551142657155
744,iko,glass candy,soulrnb,lovin machine,2.000843962534269,2.2604534266310283,-1.7436796608524705,-0.803438866245703,-0.3562261477424087,0.6290507108441792,-0.0084476890327837,-0.2084953914154482,0.4590601378801934,0.0641560005732266,-0.3241109536843747,-0.1972420194877419,0.4090926969457934,0.2643757586471286,0.241909390432101
745,demos june 2003,glass candy,soulrnb,nite nurses,3.405949685183941,0.0365187166679418,-1.2364061276336111,-1.6523317845005605,0.0216986970964392,1.1211778319414103,0.1506257582706331,-0.3763107991385945,-0.7103915916045032,0.3152416093272531,0.1170638371224565,-0.4127884598086186,-0.3006342497167731,-0.6607404050769703,0.1109074418540452
747,the sick sound of,glass candy,soulrnb,nite nurses,1.301585338353491,0.2529906283668918,-0.5090137496596244,0.2010100446164603,-0.3333933031606066,0.3866551700048273,-0.1712154752133372,-0.0531240624823652,0.0936993860961929,-0.3665668723563555,-0.6940069798490058,-0.8454614318248952,0.4531068382650925,0.0679594489775371,-0.0308124567971159
748,iko,glass candy,soulrnb,track 4,2.270660782463791,1.0783991557125825,-1.0807471977839311,-1.3276277627136062,-0.7320200848863688,0.5795961288076765,1.106819907148795,0.0200851999158241,-0.2028913805238004,0.1180062370686146,-0.1572198626243915,-0.2686024565337034,0.0515152554712374,-0.125223507998863,0.0822396184154198
749,demos june 2003,glass candy,soulrnb,your deam lovers on video again,3.645012590729006,0.8835760412352903,-0.9593656555492894,-1.1804861542557892,0.3760357728635078,0.3810159145686027,-0.0880583856553397,-0.9325013340777796,-1.285627563888341,-0.0512304951551712,0.8383560956276883,-0.7738789714641703,-0.1511348828795475,-0.447672106573671,0.0932098053279374
750,iko,glass candy,soulrnb,iko iko vocalconga mix,2.15901205332108,4.3609768779916624,-1.467289883931203,-1.1547075846805823,-1.545080225595598,0.0590143651047164,1.2142285133158004,0.9074344906691346,-0.1735696958957507,0.2756650174468022,0.2235918054263142,0.3246219427878336,0.3323858614389768,0.7972512662866489,0.2257390223097695
751,love love love,glass candy,soulrnb,love love love,1.864217379094157,-2.4162842208883037,0.5113690231624576,-0.458073671002824,0.0840494588144392,-2.005202906916472,-0.247986449852892,0.7549979020664553,0.5266204660768812,0.3437176040966034,-0.047414847660953,-0.0511758142409808,0.4644833911712365,0.0691117812613703,-0.0100032025161718
752,demos june 2003,glass candy,soulrnb,the chameleon,-2.720464573710867,-0.5938307847788871,0.0649527582951837,-1.0554474566839145,-1.0396947409012145,-0.7099201227486392,-0.5819471770206227,-1.2709071868438313,-1.3854465893163357,-0.4116349921187567,-0.2911789649244087,-0.411205835505229,-0.460446799532933,-0.0370080391785123,-0.0370565673212478
753,the sick sound of,glass candy,soulrnb,track 5,-2.044796968692331,0.6404811814476086,0.9322554566842296,-0.4805153981273161,-1.45497591536625,0.121405059143588,0.9390445719488336,-0.2861672941760373,-0.0699469869800895,-0.4514954881971726,0.3694644726337268,0.1392543130186108,-0.4216957385413907,0.3289855769433497,-0.1720404334241335
754,the sick sound of,glass candy,soulrnb,labrea tar pit,-0.438970825371695,0.0552718500806723,-1.2057631169446126,-0.0258868328500214,-0.997830867579624,-0.150075254721716,-0.6905756342193488,-0.4249853214137144,-0.4367168647238149,-0.0428099352657273,0.5538084549627242,-0.9619654489028232,0.1573378436030821,-0.1268341620399288,0.0336384526466056
755,love love love,glass candy,soulrnb,love on a plate,1.370063527484052,-1.5587762247997214,1.9745449193834896,-0.8217591035519461,-0.56075224769179,-1.0595744190251055,0.187145760009203,0.126795865277752,0.250751920821163,0.6219319488801519,-0.1303896558634087,0.3109749382987553,0.2290207046835504,-0.0087443512815586,-0.0927181152280147
756,iko,glass candy,soulrnb,sugar amp whitebread instrumental,-0.2305515061085289,0.453177628100349,-0.9687468274667604,-0.5214129967208374,-1.762179126567922,0.0084529856891029,0.7968549039363043,-0.1313997545133145,0.2036893500775943,-0.429350446017846,0.5223740710086661,-0.4049163339731506,-0.5742927272088253,-0.0897308178957859,0.0308425556031127
757,demos june 2003,glass candy,soulrnb,track 6,2.8867110124513142,-0.9249208413057612,-0.5223317691680571,-0.4996516417244479,0.5708697040128682,0.8184629253237496,0.2510894921227031,0.4266485466708564,0.3091612990644244,-0.4429050877885371,-0.0027487364027343,-0.1408090479830586,-0.0775521263031506,-0.2793557197790673,0.0025762736956991
758,iko,glass candy,soulrnb,lovin machine nite vocoder version,3.09926393122204,1.727058911689224,-2.0070906594379467,-1.613056751433381,-0.6807751406617749,0.2193158439817609,-0.225536849702843,-0.3121239627959977,0.2963905079123304,-0.1581773431223953,-0.617719808451282,-0.1786870759582,1.092409002172451,-0.3536891690248538,0.2747267100341961
759,love love love,glass candy,soulrnb,night nurses,1.5578264777119888,-0.2983337909235158,0.3369440682980102,0.0987094574760893,-0.348696058702218,-1.6694369988838544,-0.1551482876698085,0.5804853310525289,0.7695303790481332,-0.1998459991954699,-0.0084748529812169,0.2481485731527477,0.3807560971846667,0.0753319613494414,-0.0494228437117192
760,love love love,glass candy,soulrnb,empty v,-0.2942619413023728,-0.4169399528987992,0.451241987305601,-0.9246482731261088,-0.4480125774751744,-2.37577417580259,-0.7919894561716412,0.011750263568099,1.069944343823463,-0.2702381771408458,-0.8540054998228661,0.3142089182744876,0.5264887504994009,-0.1145408975890411,0.0995335680766445
761,iko,glass candy,soulrnb,lovin machine vocal dub,5.319658757626914,6.474901762989873,-2.335374513763664,-2.083501162999045,-0.3098814106397088,1.209708186286125,2.06684465266378,-0.6146684397538394,1.2201186463744265,-0.0851757405909335,-0.8887354965961124,0.8752378347031827,-0.133768533516636,0.3166045610642173,-0.0389351930129354
762,live at death disco 9262001,glass candy,soulrnb,crystal migraine,0.0403977260562747,-1.1616363648953534,1.3699526282300518,-2.27313755342664,0.5161396879362405,-0.8555529782064007,0.1064303508944297,0.3365094072427984,-0.75243637841292,-0.991046586790251,0.1821100902809331,0.3995610285410854,-0.0153702165971579,0.2308219729369723,0.0288280876558355
763,demos 31 37,glass candy,soulrnb,love love love,1.9417326931107213,-0.3612926833825737,-0.7479488708822553,-0.4956750622554712,1.3094474446319206,-0.6371905123617512,-0.4954073382395003,-0.4965715960858298,0.5039903768059233,-0.138003377495849,-0.149705454264345,-0.2565805122096657,0.1647846508010128,0.1714284345211613,0.1226137578230319
764,demos 31 37,glass candy,soulrnb,be a dolly,-2.088199188978119,0.6444952620782385,0.6366992654647565,-1.5574257570422498,-0.1252315717589538,-1.2420810228129686,-0.7476175446748062,-0.842919741820637,-0.1198118393201615,0.3802479233471076,-0.5920788079903532,-0.1431442802384065,-0.3597661357766604,0.2561489234759644,0.2670260804322277
765,live at death disco 9262001,glass candy,soulrnb,love love love,2.2259986118891235,-1.178525875204292,0.4372880650895964,-2.177179073636337,1.1679868616576663,-1.0532214383487473,0.1766960672704088,0.4845846230191409,-1.0430550127511535,-0.3759187895597146,0.0494800848016474,0.1131927882409083,-0.1370969997685526,0.085086341764223,-0.2215792297970022
766,demos 31 37,glass candy,soulrnb,love on a plate,-1.0558026590870464,-0.2700458630342501,1.3721504276615732,-1.1955223832665638,0.9355747707644084,-0.6134285189121164,-0.0772932739131543,-0.0854693350932552,-0.2530542346651976,-0.1319872852952674,-0.3379926644431274,-0.0470282229678732,-0.0593800744986467,0.1954087416155731,0.1424145459678389
767,live at death disco 9262001,glass candy,soulrnb,love on a plate,1.901596208764169,-1.0114899940213808,1.1708324763565974,-1.98363579641096,1.0239377797893978,-0.857048426540102,-0.0125146660265676,0.6304376460864796,-0.5411815888547075,-0.6947110170202674,0.1217369193844937,0.1683698321170527,-0.3119398531727607,0.0857435056229756,-0.2796672322090785
768,demos 31 37,glass candy,soulrnb,brittle woman,1.8563105565376383,-0.8968102575748194,-0.3552274261001898,-1.6160324871706038,0.6892260179232658,-0.177849618984936,-0.0001771301597566,-0.6506536885958818,-0.1799621475645873,-0.4789075053437992,-0.2484892495707772,-0.2467695137186355,-0.5600503583960795,-0.2137940729769803,-0.0293008259123646
769,live at death disco 9262001,glass candy,soulrnb,the screamers,1.3389418150715182,-0.5869529281224991,1.4426656610232982,-1.888322389708892,0.9882190019194704,-1.3327416585347251,0.2198573094498967,0.6632694581531383,-0.7589361317765327,-0.5302513893697225,0.4691055084163771,0.7255316572819619,-0.132550407840595,-0.0296005978566086,-0.0827431789486959
770,demos 31 37,glass candy,soulrnb,black veil,2.8853154959982072,0.2159435013852568,-0.5911028767011072,-0.140299484520703,1.3110739306715726,-0.3841348273359226,-0.3103711544081874,0.4211133457767507,-0.4808156109968531,0.5481443050664648,-0.4140031725626172,-0.1988314488073978,-0.1623040172026187,0.0648581373704196,0.0689076711656874
771,live at death disco 9262001,glass candy,soulrnb,brittle woman,2.347121901942402,-1.384436375489164,0.1783767459007263,-1.7129717791525414,0.3443628559377794,-0.7618462058324018,-0.277838360767312,-0.0662532574130881,0.20788036659974,-0.5588801474061402,-0.1931954851999585,-0.019260367415921,-0.2629690824127436,0.2912713006501534,-0.2020714674875724
772,demos 31 37,glass candy,soulrnb,johnny are you queer,-1.3505145356771366,-0.3694038983866795,0.9574906035934512,-0.9962504904309394,0.3725315717773277,-0.540074638415491,-0.3338619822893411,-0.2342158602343349,-0.2225594090731952,0.3177458774933087,-0.382757192814265,-0.269667654249494,-0.0877128087898704,0.1967271620949007,0.131801074985744
773,live at death disco 9262001,glass candy,soulrnb,nite nurses,4.362371876498251,-0.8455073375931603,-0.3170712864433261,-0.8673513297424381,1.4171460097531818,-0.9294015058789474,-0.0892619225206551,0.1433027333522529,-0.583518066134839,0.2051087152005371,-0.0641771375951364,0.2456679557468049,-0.4791667046525522,-0.0266822064480849,-0.2237322903083803
774,demos 31 37,glass candy,soulrnb,the last time,2.311882971154424,-0.3671332408214983,0.5129592237409023,0.131111932810223,1.0454280957655322,-0.2861279865863237,-0.1601529824497629,0.0561193228607065,-0.1651645708127524,1.057693503674546,-0.1839953213693852,-0.0910376203320205,-0.221677465724751,0.2792524517948937,-0.0038703196952868
775,demos 31 37,glass candy,soulrnb,nite nurses,3.65395266846902,0.4168663459740277,-0.6463086854397706,-0.6347968411749896,1.0511826007020648,-0.962226012926811,-0.0399866364201777,-0.11752071947352,0.1255584787601067,-0.2676666375207189,-0.0584676510966756,-0.1759019715115181,-0.3176373460924305,-0.0858619855033335,-0.21224925452523
776,demos 31 37,glass candy,soulrnb,hurt,2.0555018537422574,-0.4758021032582406,0.0363545166185206,-0.6466371422033453,1.1547406079926377,-0.980749927839167,0.642406118021951,-0.1682805247454362,-0.240739574205244,0.1136871190384708,0.9621156698761048,-0.3758495064616339,-0.1491634277269262,-0.1794963449784576,-0.1525937868214663
777,quickies,glove compartment,rock,relaxing,1.172787863583245,-1.074106617231935,-1.3965747486497726,0.4130429364999015,-0.2857479651505442,-0.633610999614122,-0.3052570347048332,1.425617960312616,-0.5381716915467987,-0.2288914667145201,0.8938667061044566,0.5121390667900264,-0.001266409884581,0.0344487619526308,0.3098243629608014
778,quickies,glove compartment,rock,dont call me tonite  very good,0.4223256730285045,-0.8552455922677367,-1.2661279582459433,-0.3096506271671995,-1.0544838757532409,0.121530135013285,0.4100285685403583,0.13689556541001,0.2119917280366255,-0.0745454092631721,0.5781403486258879,0.3428662736932715,-0.2154618285563612,0.0401789798102469,0.0258622118916456
779,quickies,glove compartment,rock,causing disturbances,-1.2021157763934998,1.235641157108183,-0.283004707371002,0.4213587708881486,-2.272786198339191,-0.9608298480475592,-1.2290487293003614,-0.4590435791876108,0.5209940239153399,-0.1459160354430936,-0.3161247605443198,0.0650688308265611,-0.2897317284717797,-0.2519408119910085,0.0310082464750775
780,quickies,glove compartment,rock,dont peeko,-1.6915164356575187,-0.3250085044309149,-1.0201051469341331,-1.4568178266954703,-0.369164508715781,0.4225440966337843,0.7790838759959532,0.7007049539155134,-0.6045114938475697,-0.9381923554296884,0.6114289569893785,0.50713903204353,-0.6145171987488994,0.2982879407343132,-0.0450202683854027
781,quickies,glove compartment,rock,shoeshopping high,1.1586873153500634,-0.6326091496350205,-1.1447461463561828,1.3203757151077684,-0.0872503397903778,-1.1094903441552957,-0.726538083432127,-0.2328963632549583,0.2560758294272082,-0.1470225597563074,-0.2093130537649597,0.3018096231887325,0.3087735231565772,0.1077807111141205,0.0283010772800426
782,quickies,glove compartment,rock,self examination of his wifes breasts,-3.3753351481619247,-0.6239930056451408,-0.3897597138611315,-0.1881092057922416,-1.1308194045052022,0.1476009628614225,-0.5744234899941857,0.2410516368124316,0.0830466854581757,-0.0203187383081085,-0.0164713506643713,-0.0267106674474033,0.2377308616895013,-0.5438248606211935,-0.0059934831870368
783,quickies,glove compartment,rock,puffy onyx,-3.361366739289612,-2.532303863405597,0.1840046934823507,-0.2273388485273043,-1.1866241573565592,0.4639163657985177,0.223087509834552,0.2679940267922622,-0.5820922810776007,-1.2331765861042563,0.0600818062040259,0.0495905231458449,0.0342123691817902,-0.1886941317044482,-0.0575918396021371
784,quickies,glove compartment,rock,lemon intermezzo,-1.7175771598835852,0.6664091872084863,-1.570059266943468,-0.7111420037439323,-1.3062280752409143,-0.0128054769591585,1.0179821932922493,0.9824722799571884,-0.6446931174277146,1.053852408468689,-0.545049580364341,0.768299395600895,0.13279146052277,-0.0452291971525123,0.3636052874950784
785,quickies,glove compartment,rock,the plywood curtain,-0.5765059901688553,-0.8153381335271442,-1.12928141096187,-0.0053042226486007,-0.5188373881939319,0.1783606118766673,-0.019651886694772,0.2962734606216091,-0.1677715081216501,-0.2960598632987413,0.1774820732066326,0.1856201902367869,0.2702993011983338,0.1333105289953513,-0.0600449314293459
786,quickies,glove compartment,rock,electric guru,4.499925671986482,-1.337477858537542,-2.34283827552388,2.402004283394556,0.1940388748687231,-1.2039743618029382,-0.859928702109679,-0.5048255680411099,0.4276049877581404,0.0591940562053011,-0.1369762083344442,0.2362819220635652,-0.392996733086201,-0.1820077346398462,0.5593581866414599
787,quickies,glove compartment,rock,boogerflicking winners go freeh,-3.472994879218615,-0.3569810028019416,-0.7611580546084814,0.2222702971759182,-0.8644665039110964,1.1228864797769451,-0.4089251471137522,-0.2358452035165202,-0.7977406501667507,-0.9160548727613478,-0.951268133807906,0.2194837629174433,-0.5182354549953075,-0.223233463464272,-0.0113093626540754
788,quickies,glove compartment,rock,vert,-0.6347199551440255,-1.4433391843814587,0.1928471057525937,0.6261210288557193,0.2362695173882099,0.126897982201511,-0.0342570207313357,0.69101947808893,0.1440994261548639,-0.223594736025314,0.597130113892818,0.3386207519437731,0.1138422298723476,0.1463448782617908,0.0540238318043493
789,quickies,glove compartment,rock,do i tingle,-1.937170615953716,-2.412782681426193,-2.291868132402969,-2.811139982247598,-2.095165109141739,-2.7639105722075303,0.398650806068115,1.9174928701508835,-0.4762737277612963,2.698374843799125,0.544391855036494,-0.75773696338781,-0.2163994238493178,0.2216594189909162,-0.1820218369973432
790,quickies,glove compartment,rock,up two,0.6114890702739474,0.562895362538562,-0.8738220476377325,0.8355044543366958,-1.196942915650856,-0.9457406253266858,-0.1329328399450313,0.932947203237258,0.786467494608469,-0.3568583009118228,-0.0573780151126879,0.0909709847371917,-0.3206618780868054,-0.3047997034934499,-0.035844307745559
791,quickies,glove compartment,rock,630 encephalitis spraydown,3.1137449378416115,-1.5942220560227311,-1.3567583824312726,2.5811164774401822,-0.1517577737596138,-0.7700413714355329,0.0781428758834629,-1.0524636965011047,0.2222157611189136,0.3023003983697243,-0.0461190249881298,-0.1064647754730551,-0.4144285220560801,-0.152266219594659,0.322083998384211
792,quickies,glove compartment,rock,everyone  am masterbate,0.0686686650014535,-0.7738774346363109,1.3094104942633402,0.1350941979341625,0.3997946960712029,-0.2629214326572759,-0.222847402650588,0.0743206710761982,-1.448393698260888,-0.3272337988434892,0.8831744332687234,0.4198781721154248,-0.0831463843541817,0.1247876205770709,0.0084027628268963
793,quickies,glove compartment,rock,the hymn of the honeymoon,0.7927550721963555,-0.5376405978858889,-0.3405445417292779,1.1614751035457838,-1.055510458170094,-1.1821176641539946,-0.8316072698755945,-0.8097139072131496,0.9557207528511038,0.1957377464878554,-0.1560898431180636,0.4131599358091039,0.1159666143503229,0.071282348496009,-0.0354208595277285
794,quickies,glove compartment,rock,07 sec,-3.029178955005213,-0.0581251677686878,-1.1007053235114537,-1.0152687533781295,-0.3028013222167254,0.252391876909946,-0.2172661212790672,-0.2845062910032573,-1.0124823134689127,-0.207292241840422,-0.3495504312519742,1.2060309048678362,0.6001158617417277,-0.0264090478300201,-0.0409820055831437
795,quickies,glove compartment,rock,the lower frequencies,3.604983177508964,1.1530204787328948,-0.9175675374310706,1.912994866335031,1.192092797709516,-0.3813793583348678,-0.7428553317568044,1.0321757407578778,-0.3122690258555733,-0.3293434094918589,0.2016574070393521,0.6220907805922229,-0.5706227348677054,-0.0466187845854513,0.1345330550681019
796,quickies,glove compartment,rock,we would be friends,-0.0311398298325904,-0.9039514694675528,0.1455151592720137,0.7155632556212189,0.4126029158449205,-0.3794995287742888,-0.8914383530568871,0.3977427230726385,-1.013344511372861,0.1413231715620373,-0.1712258213439642,0.0620943758531227,0.1713113117085314,0.364108645242694,0.0498410427531866
797,quickies,glove compartment,rock,joe pico,-1.623649428109282,-3.837560274268631,0.3379780554380059,1.5865854017944714,-1.0007784544031768,1.27517578950102,1.4564129808490582,0.9955026510001556,-0.4145617393333772,-0.5157494803331187,-0.1511473663937707,0.3591030038408858,0.6471399331091267,-0.2144639470149021,-0.0493706362918154
798,quickies,glove compartment,rock,artificial breasts are not new,-4.420051857909838,-4.085529133288633,-2.458303035927597,-0.8819162115014041,-0.8866865417591943,0.7955322074542468,-0.3480549883761678,-0.1182299488458884,-0.3490341053362654,0.611876962310339,-1.0735655829154878,1.2676356193906202,-0.080790357668157,0.0188605409036167,-0.2404112561162294
799,he knows he knows he knows,grouper,experimental,untitled1,-3.334928041452265,1.7293294674050446,-2.4169877264344257,-0.0566611475286047,0.9603994595624252,0.2139355829778245,-1.7736699636273232,1.90870923356287,-0.3278464866049299,0.7312377356812738,-0.6667218778484324,-0.4544014325430358,-0.0763853653914456,0.0345660637171417,-0.3686390279334158
800,he knows he knows he knows,grouper,experimental,untitled2,-3.702100436781927,0.4306769100890433,0.0101761473875723,0.0922582683474886,-0.011721559475759,-0.0919761199729348,-1.4442794527920026,0.5775957004163426,0.9117422007302732,-0.6062737049551876,0.4349540003431664,-0.0318376876192055,-0.2436483350398065,-0.5759210810988986,0.1070294954922198
801,he knows he knows he knows,grouper,experimental,untitled3,-3.18446052902729,5.252227976489906,-1.3540456843367623,0.5025264937426334,1.2702286259011903,0.79316379216407,-2.15931174683778,2.211162176605366,0.5085423860345649,0.0676627220825604,-0.6517730923010921,-0.2146625060601913,-0.6388952270717206,0.0655307162568,-0.2338657731709358
803,character assassination bureau,guinea worms,rock,thinking about you,1.1885678203031405,0.1601419777619591,3.170346656234825,0.4665786146818845,0.716066879907017,0.5872085171899758,1.3776754345386562,0.8414132070301796,-0.2805223335228133,0.7606059179940825,0.1598179896031602,-0.2749595590059297,-0.3148109287242964,0.1330782628331746,0.020888554161611
804,character assassination bureau,guinea worms,rock,chock fool of nuts,0.4053671898141673,-0.7638912202545741,0.5019000266020509,0.6500108720608854,0.0333105649543844,0.8096330817602662,-0.4889132251469992,0.5775781223227912,0.6733157721938341,0.4406314993349927,0.6038376418538759,0.030709590713538,0.1355195514353702,0.0967024587756637,0.0102976154536336
805,nightmare in a ravaged brain,guinea worms,rock,haymaker,1.8551908077631136,-0.0870211080697429,0.3510145418121723,1.3868777667276146,0.2403422909914838,-0.2781034954510159,0.0108022622250566,0.8588209008091836,0.4218069349844744,0.0319218271226471,0.3922391853220665,0.3251358226267218,-0.2697903771482199,0.1905654475746843,0.0682616065805106
806,duct tape you,guinea worms,rock,hello from ohio,-0.1293271369992283,0.4486966426528664,0.7669266698493453,0.015800308484976,-0.1521421853537558,0.339155161439563,-0.6379595506306925,-1.828729356856964,-0.4140983147736278,-0.5373370833672099,0.3408877511074284,-0.0490050137899658,0.4780555478237349,0.0998902897284702,-0.1536267947957264
807,fun with your new head,guinea worms,rock,spider season,0.9669188666437069,0.164627764595512,-0.6030757545984176,2.7118631788322034,-1.1659984780555164,-0.4073117794232876,-0.3604603645160721,-0.5980289496348522,1.5865267814339363,-0.633119452444311,0.7859476984790386,-0.1852403286525513,-0.994290079410862,0.2159992830921297,-0.1690100794248282
814,hall of fame 2000,hall of fame,folk,motion passings,-3.295864223490945,2.985207984121606,-0.1759701088276314,0.7668703925121874,-0.7765616016601726,0.5385951523683224,0.0562072642325702,-1.0867952394685985,-0.7514046761707616,0.4061957820207701,-0.8191159659725977,-0.2316205987687424,-0.0847493573748598,-0.3082159724053931,-0.0944456451348238
815,unreleased mp3s from hans grüsels,hans grüsels krankenkabinet,experimental,einhauntedsommerplatz,-0.1635524892338057,1.05536177487801,1.3046440359164588,1.1019305896861795,-0.132751232196363,-1.3366459579950227,0.4126446407730642,0.1371610232582314,0.9456685774032196,-0.6417698175497201,-0.6524474719713901,-0.0598247137052959,-0.3292963435033081,-0.3053733860339183,0.0398589807063586
816,unreleased mp3s from hans grüsels,hans grüsels krankenkabinet,experimental,kränkentanzsuite,1.7525222749590998,0.8355284370850385,0.4775397223485598,2.2374182244409586,-0.8842689778842571,-0.2195038224367524,-0.2125359648228374,0.2429898170826236,-0.0925710963992488,0.2617300745556742,-0.387717991679164,-0.2499725789247633,-0.1723556141728253,0.1501426182833277,-0.0840750854194311
817,unreleased mp3s from hans grüsels,hans grüsels krankenkabinet,experimental,sechzigsechs,-1.6507245450534664,1.863694642078204,-0.6395731310029962,-1.627359481524351,-1.8611173010842903,-0.8513464703724035,0.0769007851520882,-0.176768209879507,0.7002544100494462,0.6618735229843924,-0.2628637834718739,0.2755610409480866,-0.4707007454231774,-0.6387564262109265,0.0191428828795053
818,unreleased mp3s from hans grüsels,hans grüsels krankenkabinet,experimental,wellegürtelno1,2.336446160404816,1.3810750335815094,-1.0362287256550535,-0.8802477243885001,-0.8136323120707412,0.0158120227807183,2.1201906332520064,0.3332559763086314,0.0587246418295393,0.2881954676798995,-0.3098576224329515,0.5677006704912723,-0.0075246581702661,-0.4223757639784297,-0.3248337980951397
819,unreleased mp3s from hans grüsels,hans grüsels krankenkabinet,experimental,subwarren1,2.814063467663322,0.2145491051926155,0.960591367592194,3.469002396651862,-1.0800781209052357,0.4424789113222569,1.7626504277182922,1.6818044004658583,-1.8762454422064392,-0.4738052783950245,0.0894784933538103,0.0671351646658542,0.6086749417455213,-0.6450781561991933,-0.1372967194862333
820,unreleased mp3s from hans grüsels,hans grüsels krankenkabinet,experimental,subwarren2,2.2330450187057016,1.9847493031806,1.5352843364334905,1.636172150187167,-0.9802392631425788,-0.0691456161090536,-0.1739211990709051,0.0541412693083066,0.3012970051482218,0.546951434575204,-0.858374452404467,-0.3067139107949298,-0.5562825540312129,0.3284893629164596,-0.1926192662470141
821,sir 12 ep,hecuba,pop,sir,-2.067471208694233,-2.9760676261871115,-1.9173118468950727,-0.0331415609325689,-0.4148810956023495,0.953775697951377,0.2256248762977002,-0.4498108079591053,0.2573279391889893,-0.0966174205269407,0.211508361107503,-0.0848748105337071,-0.2399229792730705,0.3357503412418132,-0.206579563541004
822,sir 12 ep,hecuba,pop,tom  jerry,-1.9190044080504551,-1.506666216916294,-1.3809814122559545,0.1066325471378702,-0.9308904635894888,-0.3168927261699632,0.1715097672345097,-0.3047798015824408,1.183354325301185,0.0180754642426573,-0.5174244445602054,-0.1479346898808258,0.5085724754761769,-0.3570460872387347,-0.0935735403639959
823,sir 12 ep,hecuba,pop,yes,-1.964859527118673,-3.732100069058216,-1.6303070977483347,0.480112870798441,-1.4262478527024651,0.3875017538600802,0.3341747344864013,-0.4347754685424955,1.0757927979307491,-0.4427947225019406,0.4717627536344533,0.3852446555771319,0.0247515375364385,-0.0513945091704913,-0.0936837984617895
824,here comes a big black cloud,here comes a big black cloud,rock,black mold,-0.3560025867243171,-0.4432829672598416,2.318956486660205,0.8871488862689706,-0.2982994414236516,0.0231677921055352,-0.4294688326882956,-0.966613681603586,0.2376025858327229,-0.2059021782905719,-0.3452702306127799,0.4693545234106908,0.2380392393532095,-0.1635374838669284,-0.0019486870532991
825,pompeii,here comes a big black cloud,rock,death march,-1.7071040713731445,1.5084121778543575,4.776467115216873,-1.933882955042632,0.9098580034700408,1.6150201292155897,-0.3407095197104399,1.132081141112424,1.2783769895018318,0.3812092072996681,0.4281580244929989,-0.3001632389588978,-0.312495187911854,-0.153804635734694,0.2015864173281601
826,pompeii,here comes a big black cloud,rock,graverobbin,-1.8657326839257709,1.2666156206492636,4.202854760907137,-1.9335938520310552,-0.2101137815997981,1.3758915779731664,-0.9327557637036628,0.2367781894935534,1.1697034719945956,-0.1060969240662244,0.6841459024510717,0.240387679416047,-0.2041781221160048,-0.1092737123336059,0.1717687928606275
827,here comes a big black cloud,here comes a big black cloud,rock,psychic violence,-0.7647590069573383,-0.6355562834768934,2.3559989419918463,0.3284342944335244,0.1948668154246509,-0.1455345851753038,-0.6466007278077112,-1.2165437095162357,0.3775848614605836,0.1560752419108601,0.1163415245502482,0.3389723734955778,0.2064972528383562,-0.1418110708244143,0.0354205289366908
828,here comes a big black cloud,here comes a big black cloud,rock,scrilla,-1.100985526093063,-0.4304029085651643,2.089303713609836,1.0661610556288303,-0.3679130193171617,0.1764460286627518,-0.4524972249956854,-0.3832191080266948,0.1282001840618345,-0.1550005255260568,0.2838392669203191,-0.1133505910241634,-0.0283970354753608,-0.1269168117783439,-0.0710057849654499
829,pompeii,here comes a big black cloud,rock,the fly pt ii,-2.24184915213132,0.2405065271190907,4.1854591507486285,-2.0682925834490726,-0.3617208226238761,0.6535844471805823,-0.6449612752123287,1.6730702985753103,1.6818705708824089,0.5250386967782458,0.1184331613466912,-0.3040016806719519,0.1747508106793248,-0.1722219700205138,0.2874737846595153
830,here comes a big black cloud,here comes a big black cloud,rock,vietnam,-0.9979062301011664,-0.6766756723410547,2.360406474491193,0.8928036748121644,-0.578173813225034,0.3125935912055053,-0.3640487726986438,-0.0232448767735982,0.4367534288070808,-0.2034595306735359,-0.2681721088380998,0.2648431334928626,0.4302058281005536,-0.1734094747094957,-0.0097709730498582
831,blissbloodcom,heres how,jazz,late late show,-2.089188207957009,-0.8745996059846611,0.0811319881387353,0.1034997380424032,-0.785227077662808,0.650306893689094,0.0574634766778857,-0.1810843838997697,0.1855022651730979,0.3583567614372939,-0.0013454287717651,0.3747736570253859,-0.3615432737582003,0.1759391985639096,0.1190745866325146
832,blissbloodcom,heres how,jazz,my heart beats like a hammer,-1.595557104847143,-0.7018280657898022,0.0138342968270445,-0.11669160737902,0.5010343727063172,0.2601925626358046,0.1296042186417763,-1.1250618120834106,0.533317520495582,0.8068454426918187,0.3617225172248293,0.2372434941576852,-0.1271497415810308,0.3695669535095827,0.0429407388843597
833,blissbloodcom,heres how,jazz,from this moment on,-1.645561768914209,-0.2881272218648825,0.4837760218267519,0.5882983555839699,-0.4853435635149228,0.63000456293856,0.3582171679243758,-0.6408330735935209,-0.4697859432823529,0.6409303129248206,0.9496398324962648,0.308255914007123,-0.343236323421111,0.3072112055874436,0.1049728760336781
834,blissbloodcom,heres how,jazz,you showed me the way,-1.875085373710204,-1.1394177033238826,-0.6719772989753547,0.0296210460651762,-0.4286948540552206,0.8123465085354717,-0.453887526464912,-0.1225587995663214,0.5395680259745901,0.7315062098296381,0.0222881217306052,0.5799209540380942,-0.2885888540506411,0.1918054722451828,0.1012162000304665
835,blissbloodcom,heres how,jazz,aint no use,-2.236219682734965,-0.7625995650126595,-0.3708152463150542,-0.0105907971443723,-0.8934114404566188,0.7098006437583877,-0.012283128562713,0.2266982530434396,-0.0753335150732074,0.4388869417548499,0.2223994353138232,0.5294158894747083,0.0649068206815614,0.1694500563766748,0.0464392399364765
836,heroin uk,heroin uk,rock,sunsplash dreamland,3.158337300171619,0.6277053089573676,-0.1333243159592946,-0.4307376645147577,1.218099536891979,0.500786491184928,0.1398387914278209,-0.3228198038584373,0.2600899472831545,-0.5347446549875623,1.1660138692984652,0.1378707173273236,0.06003516566248,-0.2862666184229477,-0.2628799839081526
837,heroin uk,heroin uk,rock,dopesick,1.267668161217005,0.3405251649325267,0.9343107344892702,0.8589610277089154,-0.6709050991618593,0.6381128564201343,-0.608566455358609,-0.1315658243847147,-0.6249553158866629,-0.2725191131923402,0.3164601851613355,-0.3936378043726411,-0.3141462953166432,0.1767230953349922,-0.1665652248462389
838,heroin uk,heroin uk,rock,wasteland,0.0168897287100881,0.4306557262209396,1.032555446237604,-0.076317626817788,0.5101776929783398,0.0387683591331674,-0.7196781258855751,0.14166983811251,-1.1449291085224391,-0.576186204000424,-0.6474666437612095,-0.1871750963560736,0.2469931764343704,0.3738644675521668,0.0771527386014559
839,heroin uk,heroin uk,rock,just like a rose,0.5985426362502648,0.2985761624210094,1.064122443909392,0.3896041445390026,-0.0220363370127014,0.7492562182361105,-0.348721625831637,-0.0287727315633704,-1.291452551898148,-0.152388524740289,-0.5720630796393382,-0.0036770943079251,0.8787460377039159,0.1416874319072899,-0.0973352886213661
840,heroin uk,heroin uk,rock,explosions,1.87582308813308,-1.1763756159774723,1.1118510520930691,1.64028306616583,0.5105628428705633,0.0261912542370886,-0.1209065624534526,-0.4229992196358003,-0.425227367512263,0.1391621106100443,0.4016983797618417,0.4062156188692953,-0.0008946275884676,0.1415038525638087,0.0022902950526941
841,heroin uk,heroin uk,rock,big nose,2.3221984912228395,0.1779526930902416,-0.8062996966897177,-0.1103817154696699,-0.1602639031521854,0.7237277883266048,-0.7083949964048816,0.2960845881938961,-0.3943402500121211,-0.060329892458603,0.3808490889893288,-0.3749628635820599,0.4977066505602552,-0.0297773860018876,0.0834201557061415
842,heroin uk,heroin uk,rock,baby,0.75291835550165,-0.1357448486826218,1.416876615566858,0.8959121226773676,0.3198700538287991,0.4068374124303253,-0.7905041272710912,-0.0755495946789411,-0.4610465310791041,0.664550745166607,0.2259329457145948,0.3779976580834974,0.0679022330874604,0.1103727311592939,0.018653899034236
843,heroin uk,heroin uk,rock,today,0.8255852186216478,0.4443300399601765,0.7350136487285946,0.0757046367662768,-0.7825937895984049,-0.2102804063520023,-0.3836097002855024,-0.3091771373525936,-0.8498720458321728,-0.2267301737009529,-0.2707158950193825,-0.1695087744943698,0.3725220503567759,0.0957237719845145,-0.0937333652781012
844,heroin uk,heroin uk,rock,dont wanna die,1.5870190992844926,0.6601451209813306,0.8448470492545811,0.3830127102920407,-0.9279802564415316,-0.1483582028707822,-0.6580744425118724,-1.0050870687796445,-0.5627896649264904,0.4647084448207043,0.1234247220926683,0.2497445848544236,0.2762654621143339,0.038054527998449,-0.2034006759840014
845,heroin uk,heroin uk,rock,things you say,1.6741886394156835,0.0794826301713944,-0.6341927892661672,-0.0745718226284999,-0.8909566926022703,1.0538035466336948,-1.2422235820516792,-0.5333779854196704,-1.025304061159495,0.0329184963783116,0.1022207621507881,-0.6251111485327753,0.1313679210584339,0.010414655646016,0.1324534633823404
846,heroin uk,heroin uk,rock,comin down the wall,1.227123020785945,1.1588816828863668,-0.151159623038925,-0.4477816902109714,-0.620097043039468,0.6403331543009437,-0.7252734038783476,-1.366092556571756,0.0247907119374811,-0.9979689175446662,-0.2157553570376496,-0.6407605308249444,-0.4561991668347481,0.2864702438927793,-0.0730372634570481
847,little fury things sampler va,holzkopf,pop,rendered,1.7452480012370166,0.0001724294556109,0.3416936221146165,0.3090917392692118,-0.6174427593976207,-0.1859068020332629,0.186466107848699,0.20655281440806,1.5258253559834392,-0.9364559084029412,0.0231385297960585,-0.5217742282866706,0.5238955711529337,0.5800977411858477,-0.2538274560634703
850,exploding demon,human host,rock,tomb of science,-1.01704779049519,-1.91542917293671,-0.2580207335891986,-0.0096858894198024,-0.2463617463074059,0.6940638800685551,2.1917901383483147,-0.7005318906055727,2.203386866054933,0.3035466998652161,-0.4032005755936583,-0.7501606037756685,0.586072727271936,0.3588017084549763,-0.2109173881460313
851,exploding demon,human host,rock,six realms,-1.8442776903282407,-3.3017211877068613,0.4763882941484604,-0.5074148336991969,0.4085687436865732,-0.6178369862895199,0.2884285604007869,-0.0715076524289464,-0.9351829165274176,-1.4225640736752043,-1.178363841219167,-0.5279364424413047,-0.1595815738998514,0.3665543688631463,0.3040080581986819
852,exploding demon,human host,rock,escape from the organ chamber,0.3786043069288697,2.3794090907348253,0.5115069311542249,0.8289356834685058,-0.4213643805306448,0.777856181606285,-0.009325739385154,0.5329986366555797,0.375856341467108,-0.0214242369385235,0.3121432047522413,-0.1800051686344156,0.4231375470519458,0.1361723782770033,-0.1725032432936897
853,black mirror reflections in global musics 19151955,hutzl ukranian ensemble,international,welsinsni melodyi,-2.746735029248957,4.784847647236253,0.685144601054057,-0.331269390825453,-1.5214153100636076,-1.664039073124793,-0.4260883378318499,0.6607957695450883,-0.6951851571618387,-1.5312833331787592,0.86218120503532,0.8867310728369806,0.5958317968280064,-0.0114822912259821,0.0803806263057571
854,something euro tour 2005,nautical almanac,experimental,inxs,2.507706171930008,-0.0499427071066407,0.9128238116632634,-0.4917783966103222,1.1862621189789644,1.3874516941982136,0.4306843510272493,0.9773204311037776,0.1844326733901678,-0.1391756996025668,1.215125847984729,0.136975944583025,0.3696744316615193,-0.1282111974853531,-0.2315307012190381
855,no demo,i am the liquor,rock,aimless journey,2.7662536151046075,-1.4775456325935608,0.5319956220444113,0.4637085412334604,1.1297634004634844,0.790590885087941,-0.1147160689928749,-0.0568529859546742,0.1926770980405491,0.2869425235959727,-1.0240887478841003,0.3663186319518059,0.1361450815831029,-0.0203371534259585,0.0280957097933968
856,no demo,i am the liquor,rock,last nail in the coffin,4.253266407101735,-0.0888375206351609,-0.2474416891953075,0.4073197319258806,1.15306554441771,0.7677833563185501,-0.1678727556510695,0.2041323964174378,0.8018200186126481,0.2400996354914781,-0.2670115759838614,0.5090687766073843,-0.0681156553623244,-0.4537649373778342,-0.0850338155123975
857,no demo,i am the liquor,rock,boo hod,1.8807243663267452,-1.2582469853338294,-0.3487025221061631,-0.2045646883963834,0.7630460106275113,0.7326306287076118,0.6517116534670896,0.1361408921140031,0.4087126567590951,0.1430929960126527,0.1839612934009761,0.744127778073113,-0.163230332985924,0.0975064998451048,0.2070221556285385
860,no demo,i am the liquor,rock,if i cant smoke  swear im fucked,2.3079415399705603,-0.9646059924261488,0.6597480781541321,0.479211423193558,1.3076692097440823,0.4857421411593796,-0.1884315778834344,0.0063279224004786,0.0734591772539783,0.220986286775953,-0.946772998284264,0.378637532351093,0.1643608394482571,0.0878699662674683,0.0640628989462225
864,warm coursing blood,ian nagoski,experimental,feather,3.0707670417697046,-2.0062196453851957,-1.3128645399049756,1.96698603708168,0.3417931265634339,0.232045793692345,-0.086343944796434,0.245975249163891,-0.2333402598632824,0.1395710697373008,0.976383587478864,-0.5766279101275852,0.0989276256330345,-0.0864031196897525,0.102286440638029
866,warm coursing blood,ian nagoski,experimental,rain,5.209581749040617,-1.185784107199345,0.0605452756553418,-2.2163131848482736,1.1569572114450912,2.881434821383335,-2.0549322640832868,-1.3864893345940947,0.0578494415680245,0.829944138479756,-0.9314677792474304,0.5969800491311585,0.1295869426092696,-0.4028397768031804,-0.2292617363116479
